model,score_val,eval_metric,pred_time_val,fit_time,pred_time_val_marginal,fit_time_marginal,stack_level,can_infer,fit_order
RandomForestEntr,0.9166666666666666,accuracy,0.0849151611328125,1.0956594944000244,0.0849151611328125,1.0956594944000244,1,True,2
RandomForestGini,0.9166666666666666,accuracy,0.08692336082458496,1.1180825233459473,0.08692336082458496,1.1180825233459473,1,True,1
WeightedEnsemble_L2,0.9166666666666666,accuracy,0.08729219436645508,1.1397569179534912,0.0003688335418701172,0.021674394607543945,2,True,5
ExtraTreesGini,0.9166666666666666,accuracy,0.09755516052246094,1.048466682434082,0.09755516052246094,1.048466682434082,1,True,3
ExtraTreesEntr,0.9166666666666666,accuracy,0.10250473022460938,1.0785143375396729,0.10250473022460938,1.0785143375396729,1,True,4
